{"cameraMode":{"drawMode":0,"name":"Shaded","section":"Shading Mode"},"sceneLighting":false,"audioPlay":false,"sceneViewState":{"showFog":true,"showMaterialUpdate":false,"showSkybox":false,"showFlares":true,"showImageEffects":true,"showParticleSystems":true},"in2DMode":false,"pivot":{"x":-285.3800048828125,"y":100.36436462402344,"z":10.718870162963868},"rotation":{"x":0.2102915197610855,"y":-0.25016307830810549,"z":0.05576789751648903,"w":0.9434633851051331},"size":0.6659364104270935,"orthographic":false}