{"cameraMode":{"drawMode":0,"name":"Shaded","section":"Shading Mode"},"sceneLighting":false,"audioPlay":false,"sceneViewState":{"showFog":true,"showMaterialUpdate":false,"showSkybox":false,"showFlares":true,"showImageEffects":true,"showParticleSystems":true},"in2DMode":false,"pivot":{"x":-285.3861389160156,"y":100.72306823730469,"z":12.141322135925293},"rotation":{"x":0.04195421189069748,"y":0.12735435366630555,"z":-0.005367803853005171,"w":0.990972638130188},"size":2.3305540084838869,"orthographic":false}