{"cameraMode":{"drawMode":0,"name":"Shaded","section":"Shading Mode"},"sceneLighting":true,"audioPlay":false,"sceneViewState":{"showFog":true,"showMaterialUpdate":false,"showSkybox":true,"showFlares":true,"showImageEffects":true,"showParticleSystems":true},"in2DMode":false,"pivot":{"x":-274.2771911621094,"y":91.65333557128906,"z":34.378997802734378},"rotation":{"x":-0.03926661238074303,"y":-0.0405048206448555,"z":0.00158434989862144,"w":-0.99843430519104},"size":5.196152210235596,"orthographic":false}