{"cameraMode":{"drawMode":0,"name":"Shaded","section":"Shading Mode"},"sceneLighting":true,"audioPlay":false,"sceneViewState":{"showFog":true,"showMaterialUpdate":false,"showSkybox":true,"showFlares":true,"showImageEffects":true,"showParticleSystems":true},"in2DMode":false,"pivot":{"x":-276.67059326171877,"y":95.1565170288086,"z":24.38050651550293},"rotation":{"x":-0.2523607611656189,"y":-0.14995324611663819,"z":0.03960578516125679,"w":-0.9551412463188171},"size":5.196152210235596,"orthographic":false}