{"cameraMode":{"drawMode":0,"name":"Shaded","section":"Shading Mode"},"sceneLighting":false,"audioPlay":false,"sceneViewState":{"showFog":true,"showMaterialUpdate":false,"showSkybox":true,"showFlares":true,"showImageEffects":true,"showParticleSystems":true},"in2DMode":false,"pivot":{"x":-277.53924560546877,"y":96.37706756591797,"z":-9.082649230957032},"rotation":{"x":-0.05873154476284981,"y":0.04057173803448677,"z":-0.002381259575486183,"w":-0.9975538849830627},"size":0.11406590044498444,"orthographic":false}