{"cameraMode":{"drawMode":0,"name":"Shaded","section":"Shading Mode"},"sceneLighting":false,"audioPlay":false,"sceneViewState":{"showFog":true,"showMaterialUpdate":false,"showSkybox":true,"showFlares":true,"showImageEffects":true,"showParticleSystems":true},"in2DMode":false,"pivot":{"x":-279.83660888671877,"y":113.18708038330078,"z":5.841847896575928},"rotation":{"x":0.32938504219055178,"y":-0.05928008630871773,"z":0.020750250667333604,"w":0.9422147274017334},"size":1.373490810394287,"orthographic":false}