{"cameraMode":{"drawMode":0,"name":"Shaded","section":"Shading Mode"},"sceneLighting":false,"audioPlay":false,"sceneViewState":{"showFog":true,"showMaterialUpdate":false,"showSkybox":true,"showFlares":true,"showImageEffects":true,"showParticleSystems":true},"in2DMode":false,"pivot":{"x":-280.4222412109375,"y":97.26213836669922,"z":5.346682071685791},"rotation":{"x":0.11008385568857193,"y":0.8325055837631226,"z":-0.1787482053041458,"w":0.5127070546150208},"size":1.5904392004013062,"orthographic":false}