{"cameraMode":{"drawMode":0,"name":"Shaded","section":"Shading Mode"},"sceneLighting":false,"audioPlay":false,"sceneViewState":{"showFog":true,"showMaterialUpdate":false,"showSkybox":false,"showFlares":true,"showImageEffects":true,"showParticleSystems":true},"in2DMode":false,"pivot":{"x":-333.8059997558594,"y":70.11180114746094,"z":4.5980000495910648},"rotation":{"x":-0.16814826428890229,"y":0.7577396631240845,"z":-0.21484476327896119,"w":-0.592885434627533},"size":0.8660297989845276,"orthographic":false}