{"cameraMode":{"drawMode":0,"name":"Shaded","section":"Shading Mode"},"sceneLighting":false,"audioPlay":false,"sceneViewState":{"showFog":true,"showMaterialUpdate":false,"showSkybox":false,"showFlares":true,"showImageEffects":true,"showParticleSystems":true},"in2DMode":false,"pivot":{"x":-21.245014190673829,"y":1.0,"z":-24.689132690429689},"rotation":{"x":0.07019791752099991,"y":-0.9297460913658142,"z":0.2501317858695984,"w":0.26092857122421267},"size":1.1157959699630738,"orthographic":false}