{"cameraMode":{"drawMode":0,"name":"Shaded","section":"Shading Mode"},"sceneLighting":false,"audioPlay":false,"sceneViewState":{"showFog":true,"showMaterialUpdate":false,"showSkybox":false,"showFlares":true,"showImageEffects":true,"showParticleSystems":true},"in2DMode":false,"pivot":{"x":0.49826663732528689,"y":0.7909145355224609,"z":0.13785484433174134},"rotation":{"x":0.03775370121002197,"y":-0.9617457389831543,"z":0.1753162145614624,"w":0.20710791647434236},"size":1.0914911031723023,"orthographic":false}