{"cameraMode":{"drawMode":0,"name":"Shaded","section":"Shading Mode"},"sceneLighting":false,"audioPlay":false,"sceneViewState":{"showFog":true,"showMaterialUpdate":false,"showSkybox":false,"showFlares":true,"showImageEffects":true,"showParticleSystems":true},"in2DMode":false,"pivot":{"x":-256.94671630859377,"y":108.91644287109375,"z":20.939857482910158},"rotation":{"x":-0.3310416638851166,"y":-0.09870177507400513,"z":0.03484400361776352,"w":-0.9379091262817383},"size":10.0,"orthographic":false}