{"cameraMode":{"drawMode":0,"name":"Shaded","section":"Shading Mode"},"sceneLighting":false,"audioPlay":false,"sceneViewState":{"showFog":true,"showMaterialUpdate":false,"showSkybox":false,"showFlares":true,"showImageEffects":true,"showParticleSystems":true},"in2DMode":false,"pivot":{"x":-258.650390625,"y":107.30635070800781,"z":27.854204177856447},"rotation":{"x":-0.13285766541957856,"y":0.09068843722343445,"z":-0.012271060608327389,"w":-0.9870123267173767},"size":21.291645050048829,"orthographic":false}