{"cameraMode":{"drawMode":0,"name":"Shaded","section":"Shading Mode"},"sceneLighting":true,"audioPlay":false,"sceneViewState":{"showFog":true,"showMaterialUpdate":false,"showSkybox":true,"showFlares":true,"showImageEffects":true,"showParticleSystems":true},"in2DMode":false,"pivot":{"x":-282.68048095703127,"y":91.37142944335938,"z":9.623188018798829},"rotation":{"x":0.04600423201918602,"y":0.9137387275695801,"z":-0.10762961953878403,"w":0.3893001973628998},"size":4.4855427742004398,"orthographic":false}