{"cameraMode":{"drawMode":0,"name":"Shaded","section":"Shading Mode"},"sceneLighting":true,"audioPlay":false,"sceneViewState":{"showFog":true,"showMaterialUpdate":false,"showSkybox":true,"showFlares":true,"showImageEffects":true,"showParticleSystems":true},"in2DMode":false,"pivot":{"x":358.974609375,"y":445.06817626953127,"z":72.49081420898438},"rotation":{"x":-0.18375948071479798,"y":-0.01049062516540289,"z":0.002061143284663558,"w":-0.9829695820808411},"size":162.8601837158203,"orthographic":false}