{"cameraMode":{"drawMode":0,"name":"Shaded","section":"Shading Mode"},"sceneLighting":true,"audioPlay":false,"sceneViewState":{"showFog":true,"showMaterialUpdate":false,"showSkybox":true,"showFlares":true,"showImageEffects":true,"showParticleSystems":true},"in2DMode":false,"pivot":{"x":-324.4476318359375,"y":54.56248474121094,"z":49.15729522705078},"rotation":{"x":0.2248566597700119,"y":-0.728424072265625,"z":0.2806239426136017,"w":0.5832841992378235},"size":36.56278610229492,"orthographic":false}