{"cameraMode":{"drawMode":0,"name":"Shaded","section":"Shading Mode"},"sceneLighting":true,"audioPlay":false,"sceneViewState":{"showFog":true,"showMaterialUpdate":false,"showSkybox":true,"showFlares":true,"showImageEffects":true,"showParticleSystems":true},"in2DMode":false,"pivot":{"x":-273.4337463378906,"y":95.47100830078125,"z":23.899999618530275},"rotation":{"x":-0.18375948071479798,"y":-0.01049062516540289,"z":0.002061143284663558,"w":-0.9829695820808411},"size":5.472178936004639,"orthographic":false}