{"cameraMode":{"drawMode":0,"name":"Shaded","section":"Shading Mode"},"sceneLighting":true,"audioPlay":false,"sceneViewState":{"showFog":true,"showMaterialUpdate":false,"showSkybox":false,"showFlares":true,"showImageEffects":true,"showParticleSystems":true},"in2DMode":false,"pivot":{"x":-284.31414794921877,"y":113.62353515625,"z":15.676495552062989},"rotation":{"x":-0.1908961683511734,"y":-0.6033779382705689,"z":0.15169885754585267,"w":-0.759285032749176},"size":21.126630783081056,"orthographic":false}