{"cameraMode":{"drawMode":0,"name":"Shaded","section":"Shading Mode"},"sceneLighting":true,"audioPlay":false,"sceneViewState":{"showFog":true,"showMaterialUpdate":false,"showSkybox":true,"showFlares":true,"showImageEffects":true,"showParticleSystems":true},"in2DMode":false,"pivot":{"x":-279.94476318359377,"y":91.89827728271485,"z":54.87745666503906},"rotation":{"x":0.11466207355260849,"y":-0.8349257111549377,"z":0.19004085659980775,"w":0.5036739706993103},"size":10.436454772949219,"orthographic":false}