{"cameraMode":{"drawMode":0,"name":"Shaded","section":"Shading Mode"},"sceneLighting":true,"audioPlay":false,"sceneViewState":{"showFog":true,"showMaterialUpdate":false,"showSkybox":true,"showFlares":true,"showImageEffects":true,"showParticleSystems":true},"in2DMode":false,"pivot":{"x":-311.72314453125,"y":83.79646301269531,"z":-2.4590206146240236},"rotation":{"x":0.12683095037937165,"y":-0.818081259727478,"z":0.1972648650407791,"w":0.5252193808555603},"size":53.65751266479492,"orthographic":false}