{"cameraMode":{"drawMode":0,"name":"Shaded","section":"Shading Mode"},"sceneLighting":true,"audioPlay":false,"sceneViewState":{"showFog":true,"showMaterialUpdate":false,"showSkybox":true,"showFlares":true,"showImageEffects":true,"showParticleSystems":true},"in2DMode":false,"pivot":{"x":-9.490493774414063,"y":-46.906982421875,"z":-116.3479232788086},"rotation":{"x":-0.1925855427980423,"y":-0.7307690978050232,"z":0.22943003475666047,"w":-0.613418459892273},"size":119.64739227294922,"orthographic":false}