{"cameraMode":{"drawMode":0,"name":"Shaded","section":"Shading Mode"},"sceneLighting":true,"audioPlay":false,"sceneViewState":{"showFog":true,"showMaterialUpdate":false,"showSkybox":true,"showFlares":true,"showImageEffects":true,"showParticleSystems":true},"in2DMode":false,"pivot":{"x":-273.32550048828127,"y":91.96075439453125,"z":26.81338119506836},"rotation":{"x":-0.18659736216068269,"y":-0.03491877764463425,"z":0.006660236977040768,"w":-0.9818363785743713},"size":26.097911834716798,"orthographic":false}