{"cameraMode":{"drawMode":0,"name":"Shaded","section":"Shading Mode"},"sceneLighting":true,"audioPlay":false,"sceneViewState":{"showFog":true,"showMaterialUpdate":false,"showSkybox":true,"showFlares":true,"showImageEffects":true,"showParticleSystems":true},"in2DMode":false,"pivot":{"x":-277.9903259277344,"y":93.19351196289063,"z":47.70414733886719},"rotation":{"x":-0.004122515674680471,"y":0.17785944044589997,"z":0.000753162195906043,"w":0.9840542674064636},"size":1.584196925163269,"orthographic":false}